room,hour,day_of_week,is_weekend,temp_outdoor,occupancy,energy_kwh,timestamp
301 - 豪华套房,0,0,0,20.5,0.749,0.493,2026-07-01 00:00:00
301 - 豪华套房,1,0,0,22.8,0.679,0.448,2026-07-01 01:00:00
301 - 豪华套房,2,0,0,23.6,0.634,0.466,2026-07-01 02:00:00
301 - 豪华套房,3,0,0,23.3,0.685,0.444,2026-07-01 03:00:00
301 - 豪华套房,4,0,0,20.9,0.64,0.427,2026-07-01 04:00:00
301 - 豪华套房,5,0,0,25.9,0.698,0.606,2026-07-01 05:00:00
301 - 豪华套房,6,0,0,26.4,0.651,0.653,2026-07-01 06:00:00
301 - 豪华套房,7,0,0,27.9,0.63,0.896,2026-07-01 07:00:00
301 - 豪华套房,8,0,0,29.5,0.784,0.963,2026-07-01 08:00:00
301 - 豪华套房,9,0,0,31.8,0.254,1.019,2026-07-01 09:00:00
301 - 豪华套房,10,0,0,35.5,0.307,1.307,2026-07-01 10:00:00
301 - 豪华套房,11,0,0,31.0,0.32,0.933,2026-07-01 11:00:00
301 - 豪华套房,12,0,0,33.3,0.268,1.093,2026-07-01 12:00:00
301 - 豪华套房,13,0,0,37.3,0.255,1.575,2026-07-01 13:00:00
301 - 豪华套房,14,0,0,31.3,0.304,0.95,2026-07-01 14:00:00
301 - 豪华套房,15,0,0,34.4,0.181,1.167,2026-07-01 15:00:00
301 - 豪华套房,16,0,0,31.8,0.219,0.946,2026-07-01 16:00:00
301 - 豪华套房,17,0,0,32.2,0.318,0.978,2026-07-01 17:00:00
301 - 豪华套房,18,0,0,31.9,0.311,1.056,2026-07-01 18:00:00
301 - 豪华套房,19,0,0,25.7,0.617,0.564,2026-07-01 19:00:00
301 - 豪华套房,20,0,0,26.0,0.783,0.61,2026-07-01 20:00:00
301 - 豪华套房,21,0,0,23.6,0.653,0.508,2026-07-01 21:00:00
301 - 豪华套房,22,0,0,24.5,0.714,0.601,2026-07-01 22:00:00
301 - 豪华套房,23,0,0,22.4,0.643,0.35,2026-07-01 23:00:00
301 - 豪华套房,0,1,0,25.8,0.615,0.639,2026-07-02 00:00:00
301 - 豪华套房,1,1,0,21.0,0.774,0.459,2026-07-02 01:00:00
301 - 豪华套房,2,1,0,25.4,0.743,0.548,2026-07-02 02:00:00
301 - 豪华套房,3,1,0,21.4,0.612,0.267,2026-07-02 03:00:00
301 - 豪华套房,4,1,0,23.3,0.753,0.537,2026-07-02 04:00:00
301 - 豪华套房,5,1,0,23.8,0.745,0.541,2026-07-02 05:00:00
301 - 豪华套房,6,1,0,25.0,0.782,0.683,2026-07-02 06:00:00
301 - 豪华套房,7,1,0,24.2,0.791,0.501,2026-07-02 07:00:00
301 - 豪华套房,8,1,0,28.7,0.785,0.974,2026-07-02 08:00:00
301 - 豪华套房,9,1,0,30.3,0.219,0.816,2026-07-02 09:00:00
301 - 豪华套房,10,1,0,31.5,0.261,0.95,2026-07-02 10:00:00
301 - 豪华套房,11,1,0,33.5,0.323,1.239,2026-07-02 11:00:00
301 - 豪华套房,12,1,0,31.6,0.201,0.905,2026-07-02 12:00:00
301 - 豪华套房,13,1,0,33.2,0.304,1.078,2026-07-02 13:00:00
301 - 豪华套房,14,1,0,32.7,0.245,0.994,2026-07-02 14:00:00
301 - 豪华套房,15,1,0,30.4,0.213,0.726,2026-07-02 15:00:00
301 - 豪华套房,16,1,0,33.9,0.159,1.09,2026-07-02 16:00:00
301 - 豪华套房,17,1,0,31.0,0.267,0.795,2026-07-02 17:00:00
301 - 豪华套房,18,1,0,30.8,0.347,0.84,2026-07-02 18:00:00
301 - 豪华套房,19,1,0,34.1,0.623,1.183,2026-07-02 19:00:00
301 - 豪华套房,20,1,0,28.5,0.73,0.911,2026-07-02 20:00:00
301 - 豪华套房,21,1,0,26.7,0.746,0.727,2026-07-02 21:00:00
301 - 豪华套房,22,1,0,27.1,0.727,0.836,2026-07-02 22:00:00
301 - 豪华套房,23,1,0,26.3,0.766,0.678,2026-07-02 23:00:00
301 - 豪华套房,0,2,0,26.4,0.708,0.678,2026-07-03 00:00:00
301 - 豪华套房,1,2,0,21.2,0.674,0.377,2026-07-03 01:00:00
301 - 豪华套房,2,2,0,25.6,0.647,0.56,2026-07-03 02:00:00
301 - 豪华套房,3,2,0,21.9,0.738,0.55,2026-07-03 03:00:00
301 - 豪华套房,4,2,0,20.5,0.674,0.25,2026-07-03 04:00:00
301 - 豪华套房,5,2,0,21.9,0.767,0.534,2026-07-03 05:00:00
301 - 豪华套房,6,2,0,27.2,0.716,0.834,2026-07-03 06:00:00
301 - 豪华套房,7,2,0,28.0,0.646,0.765,2026-07-03 07:00:00
301 - 豪华套房,8,2,0,30.6,0.7,1.031,2026-07-03 08:00:00
301 - 豪华套房,9,2,0,27.7,0.161,0.673,2026-07-03 09:00:00
301 - 豪华套房,10,2,0,30.3,0.166,0.789,2026-07-03 10:00:00
301 - 豪华套房,11,2,0,29.8,0.245,0.657,2026-07-03 11:00:00
301 - 豪华套房,12,2,0,29.2,0.268,0.699,2026-07-03 12:00:00
301 - 豪华套房,13,2,0,33.8,0.346,1.232,2026-07-03 13:00:00
301 - 豪华套房,14,2,0,37.2,0.154,1.329,2026-07-03 14:00:00
301 - 豪华套房,15,2,0,36.0,0.213,1.379,2026-07-03 15:00:00
301 - 豪华套房,16,2,0,31.6,0.197,0.885,2026-07-03 16:00:00
301 - 豪华套房,17,2,0,34.6,0.224,1.223,2026-07-03 17:00:00
301 - 豪华套房,18,2,0,29.8,0.178,0.723,2026-07-03 18:00:00
301 - 豪华套房,19,2,0,30.2,0.624,0.918,2026-07-03 19:00:00
301 - 豪华套房,20,2,0,29.7,0.646,0.907,2026-07-03 20:00:00
301 - 豪华套房,21,2,0,25.6,0.631,0.485,2026-07-03 21:00:00
301 - 豪华套房,22,2,0,23.2,0.721,0.531,2026-07-03 22:00:00
301 - 豪华套房,23,2,0,25.1,0.69,0.468,2026-07-03 23:00:00
301 - 豪华套房,0,3,0,22.4,0.783,0.477,2026-07-04 00:00:00
301 - 豪华套房,1,3,0,21.1,0.777,0.394,2026-07-04 01:00:00
301 - 豪华套房,2,3,0,23.3,0.751,0.531,2026-07-04 02:00:00
301 - 豪华套房,3,3,0,21.8,0.749,0.527,2026-07-04 03:00:00
301 - 豪华套房,4,3,0,23.6,0.691,0.505,2026-07-04 04:00:00
301 - 豪华套房,5,3,0,21.8,0.712,0.416,2026-07-04 05:00:00
301 - 豪华套房,6,3,0,26.4,0.721,0.725,2026-07-04 06:00:00
301 - 豪华套房,7,3,0,24.6,0.787,0.632,2026-07-04 07:00:00
301 - 豪华套房,8,3,0,27.2,0.652,0.791,2026-07-04 08:00:00
301 - 豪华套房,9,3,0,25.8,0.27,0.453,2026-07-04 09:00:00
301 - 豪华套房,10,3,0,33.3,0.342,1.185,2026-07-04 10:00:00
301 - 豪华套房,11,3,0,32.4,0.286,0.953,2026-07-04 11:00:00
301 - 豪华套房,12,3,0,34.1,0.271,1.148,2026-07-04 12:00:00
301 - 豪华套房,13,3,0,30.4,0.206,0.946,2026-07-04 13:00:00
301 - 豪华套房,14,3,0,34.3,0.235,1.172,2026-07-04 14:00:00
301 - 豪华套房,15,3,0,33.0,0.252,1.097,2026-07-04 15:00:00
301 - 豪华套房,16,3,0,35.6,0.173,1.276,2026-07-04 16:00:00
301 - 豪华套房,17,3,0,29.1,0.213,0.727,2026-07-04 17:00:00
301 - 豪华套房,18,3,0,31.7,0.246,1.056,2026-07-04 18:00:00
301 - 豪华套房,19,3,0,31.7,0.731,1.131,2026-07-04 19:00:00
301 - 豪华套房,20,3,0,25.6,0.791,0.585,2026-07-04 20:00:00
301 - 豪华套房,21,3,0,26.7,0.604,0.666,2026-07-04 21:00:00
301 - 豪华套房,22,3,0,22.8,0.69,0.475,2026-07-04 22:00:00
301 - 豪华套房,23,3,0,23.8,0.614,0.457,2026-07-04 23:00:00
301 - 豪华套房,0,4,0,23.5,0.731,0.479,2026-07-05 00:00:00
301 - 豪华套房,1,4,0,24.8,0.632,0.637,2026-07-05 01:00:00
301 - 豪华套房,2,4,0,22.3,0.659,0.461,2026-07-05 02:00:00
301 - 豪华套房,3,4,0,20.8,0.709,0.531,2026-07-05 03:00:00
301 - 豪华套房,4,4,0,24.0,0.755,0.569,2026-07-05 04:00:00
301 - 豪华套房,5,4,0,23.8,0.681,0.445,2026-07-05 05:00:00
301 - 豪华套房,6,4,0,27.2,0.648,0.719,2026-07-05 06:00:00
301 - 豪华套房,7,4,0,25.2,0.658,0.581,2026-07-05 07:00:00
301 - 豪华套房,8,4,0,30.7,0.687,1.007,2026-07-05 08:00:00
301 - 豪华套房,9,4,0,29.9,0.295,0.852,2026-07-05 09:00:00
301 - 豪华套房,10,4,0,31.5,0.326,0.844,2026-07-05 10:00:00
301 - 豪华套房,11,4,0,34.3,0.346,1.19,2026-07-05 11:00:00
301 - 豪华套房,12,4,0,32.1,0.333,1.104,2026-07-05 12:00:00
301 - 豪华套房,13,4,0,32.8,0.342,0.999,2026-07-05 13:00:00
301 - 豪华套房,14,4,0,35.0,0.245,1.272,2026-07-05 14:00:00
301 - 豪华套房,15,4,0,33.6,0.228,1.098,2026-07-05 15:00:00
301 - 豪华套房,16,4,0,33.3,0.246,0.974,2026-07-05 16:00:00
301 - 豪华套房,17,4,0,31.4,0.228,0.851,2026-07-05 17:00:00
301 - 豪华套房,18,4,0,30.4,0.262,0.914,2026-07-05 18:00:00
301 - 豪华套房,19,4,0,31.3,0.718,1.049,2026-07-05 19:00:00
301 - 豪华套房,20,4,0,31.9,0.615,1.108,2026-07-05 20:00:00
301 - 豪华套房,21,4,0,23.7,0.799,0.55,2026-07-05 21:00:00
301 - 豪华套房,22,4,0,28.0,0.75,0.771,2026-07-05 22:00:00
301 - 豪华套房,23,4,0,25.2,0.649,0.664,2026-07-05 23:00:00
301 - 豪华套房,0,5,1,25.2,0.942,0.767,2026-07-06 00:00:00
301 - 豪华套房,1,5,1,22.6,0.995,0.597,2026-07-06 01:00:00
301 - 豪华套房,2,5,1,20.5,0.896,0.5,2026-07-06 02:00:00
301 - 豪华套房,3,5,1,21.8,0.841,0.437,2026-07-06 03:00:00
301 - 豪华套房,4,5,1,20.9,0.912,0.458,2026-07-06 04:00:00
301 - 豪华套房,5,5,1,20.4,0.877,0.558,2026-07-06 05:00:00
301 - 豪华套房,6,5,1,24.8,0.935,0.557,2026-07-06 06:00:00
301 - 豪华套房,7,5,1,27.0,0.827,0.849,2026-07-06 07:00:00
301 - 豪华套房,8,5,1,27.4,0.955,0.897,2026-07-06 08:00:00
301 - 豪华套房,9,5,1,29.9,0.39,0.875,2026-07-06 09:00:00
301 - 豪华套房,10,5,1,27.9,0.494,0.727,2026-07-06 10:00:00
301 - 豪华套房,11,5,1,34.4,0.36,1.154,2026-07-06 11:00:00
301 - 豪华套房,12,5,1,32.9,0.519,1.095,2026-07-06 12:00:00
301 - 豪华套房,13,5,1,33.9,0.376,1.169,2026-07-06 13:00:00
301 - 豪华套房,14,5,1,35.4,0.491,1.389,2026-07-06 14:00:00
301 - 豪华套房,15,5,1,32.7,0.443,1.173,2026-07-06 15:00:00
301 - 豪华套房,16,5,1,38.4,0.405,1.619,2026-07-06 16:00:00
301 - 豪华套房,17,5,1,34.7,0.466,1.323,2026-07-06 17:00:00
301 - 豪华套房,18,5,1,33.5,0.537,1.158,2026-07-06 18:00:00
301 - 豪华套房,19,5,1,29.9,0.901,1.098,2026-07-06 19:00:00
301 - 豪华套房,20,5,1,26.6,0.98,0.853,2026-07-06 20:00:00
301 - 豪华套房,21,5,1,27.4,0.97,0.992,2026-07-06 21:00:00
301 - 豪华套房,22,5,1,23.5,0.87,0.634,2026-07-06 22:00:00
301 - 豪华套房,23,5,1,24.2,0.958,0.654,2026-07-06 23:00:00
301 - 豪华套房,0,6,1,23.3,0.946,0.523,2026-07-07 00:00:00
301 - 豪华套房,1,6,1,24.7,0.894,0.751,2026-07-07 01:00:00
301 - 豪华套房,2,6,1,22.9,0.959,0.52,2026-07-07 02:00:00
301 - 豪华套房,3,6,1,22.5,0.948,0.57,2026-07-07 03:00:00
301 - 豪华套房,4,6,1,25.6,0.816,0.747,2026-07-07 04:00:00
301 - 豪华套房,5,6,1,23.5,0.97,0.664,2026-07-07 05:00:00
301 - 豪华套房,6,6,1,23.9,0.885,0.541,2026-07-07 06:00:00
301 - 豪华套房,7,6,1,25.4,0.978,0.682,2026-07-07 07:00:00
301 - 豪华套房,8,6,1,30.9,0.979,1.234,2026-07-07 08:00:00
301 - 豪华套房,9,6,1,29.6,0.434,0.882,2026-07-07 09:00:00
301 - 豪华套房,10,6,1,29.9,0.389,1.027,2026-07-07 10:00:00
301 - 豪华套房,11,6,1,28.3,0.403,0.677,2026-07-07 11:00:00
301 - 豪华套房,12,6,1,31.1,0.509,0.894,2026-07-07 12:00:00
301 - 豪华套房,13,6,1,34.4,0.424,1.175,2026-07-07 13:00:00
301 - 豪华套房,14,6,1,35.2,0.526,1.302,2026-07-07 14:00:00
301 - 豪华套房,15,6,1,37.1,0.421,1.467,2026-07-07 15:00:00
301 - 豪华套房,16,6,1,31.8,0.382,1.019,2026-07-07 16:00:00
301 - 豪华套房,17,6,1,33.2,0.515,1.196,2026-07-07 17:00:00
301 - 豪华套房,18,6,1,33.6,0.444,1.163,2026-07-07 18:00:00
301 - 豪华套房,19,6,1,25.0,0.944,0.65,2026-07-07 19:00:00
301 - 豪华套房,20,6,1,32.6,0.951,1.316,2026-07-07 20:00:00
301 - 豪华套房,21,6,1,24.2,0.829,0.567,2026-07-07 21:00:00
301 - 豪华套房,22,6,1,22.7,0.944,0.616,2026-07-07 22:00:00
301 - 豪华套房,23,6,1,25.6,0.809,0.665,2026-07-07 23:00:00
301 - 豪华套房,0,0,0,23.6,0.72,0.484,2026-07-08 00:00:00
301 - 豪华套房,1,0,0,24.6,0.781,0.68,2026-07-08 01:00:00
301 - 豪华套房,2,0,0,23.3,0.642,0.542,2026-07-08 02:00:00
301 - 豪华套房,3,0,0,22.8,0.731,0.576,2026-07-08 03:00:00
301 - 豪华套房,4,0,0,22.6,0.78,0.429,2026-07-08 04:00:00
301 - 豪华套房,5,0,0,22.2,0.769,0.526,2026-07-08 05:00:00
301 - 豪华套房,6,0,0,26.2,0.625,0.736,2026-07-08 06:00:00
301 - 豪华套房,7,0,0,22.6,0.712,0.475,2026-07-08 07:00:00
301 - 豪华套房,8,0,0,27.6,0.626,0.705,2026-07-08 08:00:00
301 - 豪华套房,9,0,0,31.1,0.217,0.868,2026-07-08 09:00:00
301 - 豪华套房,10,0,0,28.7,0.256,0.732,2026-07-08 10:00:00
301 - 豪华套房,11,0,0,33.9,0.317,1.167,2026-07-08 11:00:00
301 - 豪华套房,12,0,0,35.2,0.337,1.284,2026-07-08 12:00:00
301 - 豪华套房,13,0,0,34.0,0.241,1.189,2026-07-08 13:00:00
301 - 豪华套房,14,0,0,33.7,0.214,1.214,2026-07-08 14:00:00
301 - 豪华套房,15,0,0,34.9,0.198,1.292,2026-07-08 15:00:00
301 - 豪华套房,16,0,0,34.5,0.18,1.101,2026-07-08 16:00:00
301 - 豪华套房,17,0,0,31.7,0.278,0.856,2026-07-08 17:00:00
301 - 豪华套房,18,0,0,35.1,0.181,1.312,2026-07-08 18:00:00
301 - 豪华套房,19,0,0,32.6,0.713,1.286,2026-07-08 19:00:00
301 - 豪华套房,20,0,0,30.0,0.672,0.962,2026-07-08 20:00:00
301 - 豪华套房,21,0,0,29.2,0.612,0.783,2026-07-08 21:00:00
301 - 豪华套房,22,0,0,27.6,0.652,0.858,2026-07-08 22:00:00
301 - 豪华套房,23,0,0,21.0,0.675,0.391,2026-07-08 23:00:00
301 - 豪华套房,0,1,0,27.9,0.626,0.732,2026-07-09 00:00:00
301 - 豪华套房,1,1,0,19.3,0.655,0.4,2026-07-09 01:00:00
301 - 豪华套房,2,1,0,22.4,0.706,0.455,2026-07-09 02:00:00
301 - 豪华套房,3,1,0,20.0,0.715,0.342,2026-07-09 03:00:00
301 - 豪华套房,4,1,0,24.1,0.616,0.429,2026-07-09 04:00:00
301 - 豪华套房,5,1,0,24.6,0.628,0.544,2026-07-09 05:00:00
301 - 豪华套房,6,1,0,25.5,0.696,0.633,2026-07-09 06:00:00
301 - 豪华套房,7,1,0,20.7,0.623,0.308,2026-07-09 07:00:00
301 - 豪华套房,8,1,0,29.6,0.691,1.079,2026-07-09 08:00:00
301 - 豪华套房,9,1,0,30.1,0.309,0.894,2026-07-09 09:00:00
301 - 豪华套房,10,1,0,26.9,0.263,0.59,2026-07-09 10:00:00
301 - 豪华套房,11,1,0,35.3,0.209,1.274,2026-07-09 11:00:00
301 - 豪华套房,12,1,0,32.9,0.266,0.922,2026-07-09 12:00:00
301 - 豪华套房,13,1,0,32.3,0.163,0.957,2026-07-09 13:00:00
301 - 豪华套房,14,1,0,34.9,0.241,1.244,2026-07-09 14:00:00
301 - 豪华套房,15,1,0,32.7,0.297,1.051,2026-07-09 15:00:00
301 - 豪华套房,16,1,0,34.0,0.194,1.134,2026-07-09 16:00:00
301 - 豪华套房,17,1,0,31.5,0.329,0.989,2026-07-09 17:00:00
301 - 豪华套房,18,1,0,29.2,0.281,0.835,2026-07-09 18:00:00
301 - 豪华套房,19,1,0,27.3,0.607,0.788,2026-07-09 19:00:00
301 - 豪华套房,20,1,0,29.6,0.76,0.938,2026-07-09 20:00:00
301 - 豪华套房,21,1,0,26.7,0.662,0.765,2026-07-09 21:00:00
301 - 豪华套房,22,1,0,23.5,0.737,0.49,2026-07-09 22:00:00
301 - 豪华套房,23,1,0,22.6,0.784,0.501,2026-07-09 23:00:00
301 - 豪华套房,0,2,0,21.0,0.723,0.459,2026-07-10 00:00:00
301 - 豪华套房,1,2,0,26.5,0.645,0.683,2026-07-10 01:00:00
301 - 豪华套房,2,2,0,22.8,0.704,0.453,2026-07-10 02:00:00
301 - 豪华套房,3,2,0,22.6,0.796,0.508,2026-07-10 03:00:00
301 - 豪华套房,4,2,0,25.9,0.692,0.675,2026-07-10 04:00:00
301 - 豪华套房,5,2,0,22.5,0.612,0.266,2026-07-10 05:00:00
301 - 豪华套房,6,2,0,22.8,0.771,0.487,2026-07-10 06:00:00
301 - 豪华套房,7,2,0,25.4,0.784,0.614,2026-07-10 07:00:00
301 - 豪华套房,8,2,0,28.3,0.631,0.908,2026-07-10 08:00:00
301 - 豪华套房,9,2,0,29.1,0.174,0.706,2026-07-10 09:00:00
301 - 豪华套房,10,2,0,30.3,0.264,0.782,2026-07-10 10:00:00
301 - 豪华套房,11,2,0,32.5,0.281,1.051,2026-07-10 11:00:00
301 - 豪华套房,12,2,0,32.3,0.31,1.022,2026-07-10 12:00:00
301 - 豪华套房,13,2,0,31.6,0.268,0.968,2026-07-10 13:00:00
301 - 豪华套房,14,2,0,35.5,0.16,1.11,2026-07-10 14:00:00
301 - 豪华套房,15,2,0,33.2,0.25,1.048,2026-07-10 15:00:00
301 - 豪华套房,16,2,0,32.6,0.308,0.977,2026-07-10 16:00:00
301 - 豪华套房,17,2,0,33.2,0.322,1.186,2026-07-10 17:00:00
301 - 豪华套房,18,2,0,31.8,0.314,1.017,2026-07-10 18:00:00
301 - 豪华套房,19,2,0,27.3,0.667,0.732,2026-07-10 19:00:00
301 - 豪华套房,20,2,0,26.5,0.724,0.705,2026-07-10 20:00:00
301 - 豪华套房,21,2,0,23.6,0.766,0.528,2026-07-10 21:00:00
301 - 豪华套房,22,2,0,22.5,0.778,0.451,2026-07-10 22:00:00
301 - 豪华套房,23,2,0,24.3,0.667,0.482,2026-07-10 23:00:00
301 - 豪华套房,0,3,0,21.8,0.61,0.315,2026-07-11 00:00:00
301 - 豪华套房,1,3,0,20.2,0.725,0.508,2026-07-11 01:00:00
301 - 豪华套房,2,3,0,19.3,0.667,0.355,2026-07-11 02:00:00
301 - 豪华套房,3,3,0,24.7,0.641,0.579,2026-07-11 03:00:00
301 - 豪华套房,4,3,0,21.9,0.656,0.462,2026-07-11 04:00:00
301 - 豪华套房,5,3,0,24.2,0.691,0.572,2026-07-11 05:00:00
301 - 豪华套房,6,3,0,24.8,0.616,0.544,2026-07-11 06:00:00
301 - 豪华套房,7,3,0,24.5,0.64,0.572,2026-07-11 07:00:00
301 - 豪华套房,8,3,0,28.8,0.624,0.811,2026-07-11 08:00:00
301 - 豪华套房,9,3,0,29.7,0.273,0.722,2026-07-11 09:00:00
301 - 豪华套房,10,3,0,33.5,0.152,1.112,2026-07-11 10:00:00
301 - 豪华套房,11,3,0,33.4,0.201,1.098,2026-07-11 11:00:00
301 - 豪华套房,12,3,0,30.6,0.177,0.883,2026-07-11 12:00:00
301 - 豪华套房,13,3,0,33.4,0.166,1.055,2026-07-11 13:00:00
301 - 豪华套房,14,3,0,33.7,0.314,1.017,2026-07-11 14:00:00
301 - 豪华套房,15,3,0,33.5,0.17,1.036,2026-07-11 15:00:00
301 - 豪华套房,16,3,0,30.6,0.323,0.832,2026-07-11 16:00:00
301 - 豪华套房,17,3,0,28.8,0.204,0.738,2026-07-11 17:00:00
301 - 豪华套房,18,3,0,30.6,0.239,0.792,2026-07-11 18:00:00
301 - 豪华套房,19,3,0,30.1,0.673,1.033,2026-07-11 19:00:00
301 - 豪华套房,20,3,0,25.5,0.774,0.676,2026-07-11 20:00:00
301 - 豪华套房,21,3,0,30.1,0.772,1.028,2026-07-11 21:00:00
301 - 豪华套房,22,3,0,26.2,0.687,0.694,2026-07-11 22:00:00
301 - 豪华套房,23,3,0,22.7,0.637,0.47,2026-07-11 23:00:00
301 - 豪华套房,0,4,0,26.8,0.722,0.671,2026-07-12 00:00:00
301 - 豪华套房,1,4,0,19.0,0.742,0.519,2026-07-12 01:00:00
301 - 豪华套房,2,4,0,19.9,0.675,0.323,2026-07-12 02:00:00
301 - 豪华套房,3,4,0,19.9,0.648,0.367,2026-07-12 03:00:00
301 - 豪华套房,4,4,0,25.1,0.789,0.594,2026-07-12 04:00:00
301 - 豪华套房,5,4,0,22.2,0.709,0.484,2026-07-12 05:00:00
301 - 豪华套房,6,4,0,26.4,0.658,0.629,2026-07-12 06:00:00
301 - 豪华套房,7,4,0,26.9,0.663,0.821,2026-07-12 07:00:00
301 - 豪华套房,8,4,0,26.7,0.746,0.681,2026-07-12 08:00:00
301 - 豪华套房,9,4,0,29.7,0.279,0.944,2026-07-12 09:00:00
301 - 豪华套房,10,4,0,28.5,0.301,0.739,2026-07-12 10:00:00
301 - 豪华套房,11,4,0,33.8,0.204,1.158,2026-07-12 11:00:00
301 - 豪华套房,12,4,0,31.1,0.221,0.901,2026-07-12 12:00:00
301 - 豪华套房,13,4,0,31.9,0.202,0.995,2026-07-12 13:00:00
301 - 豪华套房,14,4,0,35.3,0.237,1.206,2026-07-12 14:00:00
301 - 豪华套房,15,4,0,32.8,0.284,0.96,2026-07-12 15:00:00
301 - 豪华套房,16,4,0,36.9,0.278,1.464,2026-07-12 16:00:00
301 - 豪华套房,17,4,0,34.9,0.208,1.247,2026-07-12 17:00:00
301 - 豪华套房,18,4,0,27.6,0.267,0.605,2026-07-12 18:00:00
301 - 豪华套房,19,4,0,29.8,0.764,0.971,2026-07-12 19:00:00
301 - 豪华套房,20,4,0,27.6,0.76,0.805,2026-07-12 20:00:00
301 - 豪华套房,21,4,0,30.7,0.644,1.022,2026-07-12 21:00:00
301 - 豪华套房,22,4,0,23.8,0.605,0.541,2026-07-12 22:00:00
301 - 豪华套房,23,4,0,22.4,0.628,0.4,2026-07-12 23:00:00
301 - 豪华套房,0,5,1,22.3,0.919,0.552,2026-07-13 00:00:00
301 - 豪华套房,1,5,1,21.7,0.809,0.548,2026-07-13 01:00:00
301 - 豪华套房,2,5,1,20.1,0.813,0.466,2026-07-13 02:00:00
301 - 豪华套房,3,5,1,22.7,0.967,0.603,2026-07-13 03:00:00
301 - 豪华套房,4,5,1,21.7,0.877,0.467,2026-07-13 04:00:00
301 - 豪华套房,5,5,1,22.0,0.89,0.512,2026-07-13 05:00:00
301 - 豪华套房,6,5,1,28.0,0.808,0.846,2026-07-13 06:00:00
301 - 豪华套房,7,5,1,26.7,0.836,0.845,2026-07-13 07:00:00
301 - 豪华套房,8,5,1,25.8,0.81,0.68,2026-07-13 08:00:00
301 - 豪华套房,9,5,1,26.7,0.515,0.579,2026-07-13 09:00:00
301 - 豪华套房,10,5,1,30.3,0.396,0.893,2026-07-13 10:00:00
301 - 豪华套房,11,5,1,29.7,0.517,0.847,2026-07-13 11:00:00
301 - 豪华套房,12,5,1,30.5,0.455,1.005,2026-07-13 12:00:00
301 - 豪华套房,13,5,1,35.9,0.513,1.445,2026-07-13 13:00:00
301 - 豪华套房,14,5,1,33.6,0.4,1.142,2026-07-13 14:00:00
301 - 豪华套房,15,5,1,32.6,0.424,1.021,2026-07-13 15:00:00
301 - 豪华套房,16,5,1,33.5,0.469,1.185,2026-07-13 16:00:00
301 - 豪华套房,17,5,1,31.1,0.405,0.933,2026-07-13 17:00:00
301 - 豪华套房,18,5,1,31.1,0.404,0.941,2026-07-13 18:00:00
301 - 豪华套房,19,5,1,33.1,0.983,1.361,2026-07-13 19:00:00
301 - 豪华套房,20,5,1,27.9,0.806,1.056,2026-07-13 20:00:00
301 - 豪华套房,21,5,1,25.2,0.897,0.644,2026-07-13 21:00:00
301 - 豪华套房,22,5,1,22.7,0.948,0.572,2026-07-13 22:00:00
301 - 豪华套房,23,5,1,25.0,0.866,0.715,2026-07-13 23:00:00
301 - 豪华套房,0,6,1,22.4,0.984,0.634,2026-07-14 00:00:00
301 - 豪华套房,1,6,1,23.0,0.887,0.542,2026-07-14 01:00:00
301 - 豪华套房,2,6,1,18.7,0.971,0.558,2026-07-14 02:00:00
301 - 豪华套房,3,6,1,21.4,0.985,0.531,2026-07-14 03:00:00
301 - 豪华套房,4,6,1,23.0,0.94,0.694,2026-07-14 04:00:00
301 - 豪华套房,5,6,1,24.8,0.992,0.665,2026-07-14 05:00:00
301 - 豪华套房,6,6,1,25.5,0.901,0.73,2026-07-14 06:00:00
301 - 豪华套房,7,6,1,25.9,0.963,0.719,2026-07-14 07:00:00
301 - 豪华套房,8,6,1,30.5,0.869,1.131,2026-07-14 08:00:00
301 - 豪华套房,9,6,1,29.5,0.397,0.771,2026-07-14 09:00:00
301 - 豪华套房,10,6,1,26.8,0.392,0.698,2026-07-14 10:00:00
301 - 豪华套房,11,6,1,29.6,0.419,0.802,2026-07-14 11:00:00
301 - 豪华套房,12,6,1,33.0,0.431,1.121,2026-07-14 12:00:00
301 - 豪华套房,13,6,1,34.2,0.538,1.268,2026-07-14 13:00:00
301 - 豪华套房,14,6,1,31.3,0.45,1.003,2026-07-14 14:00:00
301 - 豪华套房,15,6,1,31.3,0.521,0.978,2026-07-14 15:00:00
301 - 豪华套房,16,6,1,33.9,0.504,1.123,2026-07-14 16:00:00
301 - 豪华套房,17,6,1,32.7,0.395,0.972,2026-07-14 17:00:00
301 - 豪华套房,18,6,1,31.7,0.449,1.003,2026-07-14 18:00:00
301 - 豪华套房,19,6,1,30.9,0.936,1.214,2026-07-14 19:00:00
301 - 豪华套房,20,6,1,28.1,0.84,0.944,2026-07-14 20:00:00
301 - 豪华套房,21,6,1,24.8,0.898,0.694,2026-07-14 21:00:00
301 - 豪华套房,22,6,1,27.5,0.834,0.894,2026-07-14 22:00:00
301 - 豪华套房,23,6,1,25.8,0.963,0.76,2026-07-14 23:00:00
302 - 标准大床房,0,0,0,21.2,0.69,0.448,2026-07-01 00:00:00
302 - 标准大床房,1,0,0,18.1,0.788,0.582,2026-07-01 01:00:00
302 - 标准大床房,2,0,0,23.2,0.711,0.403,2026-07-01 02:00:00
302 - 标准大床房,3,0,0,23.7,0.681,0.452,2026-07-01 03:00:00
302 - 标准大床房,4,0,0,22.2,0.64,0.375,2026-07-01 04:00:00
302 - 标准大床房,5,0,0,24.5,0.667,0.511,2026-07-01 05:00:00
302 - 标准大床房,6,0,0,28.4,0.762,0.844,2026-07-01 06:00:00
302 - 标准大床房,7,0,0,28.6,0.632,0.98,2026-07-01 07:00:00
302 - 标准大床房,8,0,0,29.4,0.693,0.902,2026-07-01 08:00:00
302 - 标准大床房,9,0,0,30.9,0.279,0.924,2026-07-01 09:00:00
302 - 标准大床房,10,0,0,29.3,0.239,0.644,2026-07-01 10:00:00
302 - 标准大床房,11,0,0,34.2,0.23,1.101,2026-07-01 11:00:00
302 - 标准大床房,12,0,0,29.9,0.157,0.803,2026-07-01 12:00:00
302 - 标准大床房,13,0,0,33.1,0.313,1.148,2026-07-01 13:00:00
302 - 标准大床房,14,0,0,33.1,0.165,0.926,2026-07-01 14:00:00
302 - 标准大床房,15,0,0,30.3,0.237,0.948,2026-07-01 15:00:00
302 - 标准大床房,16,0,0,33.0,0.167,1.04,2026-07-01 16:00:00
302 - 标准大床房,17,0,0,35.5,0.213,1.212,2026-07-01 17:00:00
302 - 标准大床房,18,0,0,30.3,0.306,0.873,2026-07-01 18:00:00
302 - 标准大床房,19,0,0,27.1,0.785,0.745,2026-07-01 19:00:00
302 - 标准大床房,20,0,0,27.8,0.608,0.675,2026-07-01 20:00:00
302 - 标准大床房,21,0,0,28.2,0.66,0.824,2026-07-01 21:00:00
302 - 标准大床房,22,0,0,25.4,0.738,0.691,2026-07-01 22:00:00
302 - 标准大床房,23,0,0,23.8,0.674,0.575,2026-07-01 23:00:00
302 - 标准大床房,0,1,0,20.0,0.797,0.365,2026-07-02 00:00:00
302 - 标准大床房,1,1,0,23.2,0.628,0.398,2026-07-02 01:00:00
302 - 标准大床房,2,1,0,23.0,0.628,0.432,2026-07-02 02:00:00
302 - 标准大床房,3,1,0,24.9,0.746,0.675,2026-07-02 03:00:00
302 - 标准大床房,4,1,0,25.8,0.739,0.749,2026-07-02 04:00:00
302 - 标准大床房,5,1,0,25.1,0.787,0.617,2026-07-02 05:00:00
302 - 标准大床房,6,1,0,21.7,0.615,0.32,2026-07-02 06:00:00
302 - 标准大床房,7,1,0,23.6,0.603,0.504,2026-07-02 07:00:00
302 - 标准大床房,8,1,0,25.8,0.626,0.594,2026-07-02 08:00:00
302 - 标准大床房,9,1,0,30.1,0.334,0.868,2026-07-02 09:00:00
302 - 标准大床房,10,1,0,29.4,0.237,0.81,2026-07-02 10:00:00
302 - 标准大床房,11,1,0,34.9,0.236,1.247,2026-07-02 11:00:00
302 - 标准大床房,12,1,0,33.7,0.204,1.028,2026-07-02 12:00:00
302 - 标准大床房,13,1,0,34.5,0.189,1.082,2026-07-02 13:00:00
302 - 标准大床房,14,1,0,35.5,0.173,1.147,2026-07-02 14:00:00
302 - 标准大床房,15,1,0,34.5,0.301,1.247,2026-07-02 15:00:00
302 - 标准大床房,16,1,0,30.4,0.159,0.861,2026-07-02 16:00:00
302 - 标准大床房,17,1,0,37.1,0.298,1.378,2026-07-02 17:00:00
302 - 标准大床房,18,1,0,33.9,0.25,1.097,2026-07-02 18:00:00
302 - 标准大床房,19,1,0,32.6,0.636,1.109,2026-07-02 19:00:00
302 - 标准大床房,20,1,0,26.5,0.646,0.672,2026-07-02 20:00:00
302 - 标准大床房,21,1,0,22.8,0.609,0.37,2026-07-02 21:00:00
302 - 标准大床房,22,1,0,22.0,0.768,0.402,2026-07-02 22:00:00
302 - 标准大床房,23,1,0,21.7,0.719,0.515,2026-07-02 23:00:00
302 - 标准大床房,0,2,0,24.6,0.747,0.644,2026-07-03 00:00:00
302 - 标准大床房,1,2,0,24.0,0.708,0.537,2026-07-03 01:00:00
302 - 标准大床房,2,2,0,24.9,0.612,0.627,2026-07-03 02:00:00
302 - 标准大床房,3,2,0,26.5,0.742,0.68,2026-07-03 03:00:00
302 - 标准大床房,4,2,0,23.8,0.778,0.582,2026-07-03 04:00:00
302 - 标准大床房,5,2,0,24.5,0.653,0.482,2026-07-03 05:00:00
302 - 标准大床房,6,2,0,24.3,0.678,0.492,2026-07-03 06:00:00
302 - 标准大床房,7,2,0,25.8,0.798,0.749,2026-07-03 07:00:00
302 - 标准大床房,8,2,0,25.7,0.723,0.576,2026-07-03 08:00:00
302 - 标准大床房,9,2,0,30.6,0.176,0.784,2026-07-03 09:00:00
302 - 标准大床房,10,2,0,31.6,0.185,0.829,2026-07-03 10:00:00
302 - 标准大床房,11,2,0,31.4,0.202,0.813,2026-07-03 11:00:00
302 - 标准大床房,12,2,0,31.6,0.336,0.957,2026-07-03 12:00:00
302 - 标准大床房,13,2,0,34.7,0.312,1.225,2026-07-03 13:00:00
302 - 标准大床房,14,2,0,36.6,0.153,1.235,2026-07-03 14:00:00
302 - 标准大床房,15,2,0,34.0,0.262,1.269,2026-07-03 15:00:00
302 - 标准大床房,16,2,0,33.8,0.19,1.183,2026-07-03 16:00:00
302 - 标准大床房,17,2,0,31.1,0.2,0.808,2026-07-03 17:00:00
302 - 标准大床房,18,2,0,30.5,0.255,0.859,2026-07-03 18:00:00
302 - 标准大床房,19,2,0,28.9,0.639,0.867,2026-07-03 19:00:00
302 - 标准大床房,20,2,0,27.4,0.737,0.741,2026-07-03 20:00:00
302 - 标准大床房,21,2,0,25.3,0.608,0.49,2026-07-03 21:00:00
302 - 标准大床房,22,2,0,25.8,0.606,0.609,2026-07-03 22:00:00
302 - 标准大床房,23,2,0,26.4,0.658,0.658,2026-07-03 23:00:00
302 - 标准大床房,0,3,0,20.9,0.618,0.466,2026-07-04 00:00:00
302 - 标准大床房,1,3,0,25.0,0.771,0.63,2026-07-04 01:00:00
302 - 标准大床房,2,3,0,21.2,0.754,0.381,2026-07-04 02:00:00
302 - 标准大床房,3,3,0,21.5,0.712,0.385,2026-07-04 03:00:00
302 - 标准大床房,4,3,0,18.5,0.747,0.441,2026-07-04 04:00:00
302 - 标准大床房,5,3,0,18.9,0.602,0.445,2026-07-04 05:00:00
302 - 标准大床房,6,3,0,26.5,0.648,0.6,2026-07-04 06:00:00
302 - 标准大床房,7,3,0,24.3,0.704,0.561,2026-07-04 07:00:00
302 - 标准大床房,8,3,0,29.6,0.761,1.044,2026-07-04 08:00:00
302 - 标准大床房,9,3,0,29.7,0.268,0.677,2026-07-04 09:00:00
302 - 标准大床房,10,3,0,31.5,0.216,0.99,2026-07-04 10:00:00
302 - 标准大床房,11,3,0,34.9,0.2,1.158,2026-07-04 11:00:00
302 - 标准大床房,12,3,0,33.1,0.322,1.074,2026-07-04 12:00:00
302 - 标准大床房,13,3,0,27.3,0.261,0.545,2026-07-04 13:00:00
302 - 标准大床房,14,3,0,30.5,0.321,0.884,2026-07-04 14:00:00
302 - 标准大床房,15,3,0,35.7,0.171,1.288,2026-07-04 15:00:00
302 - 标准大床房,16,3,0,37.2,0.311,1.48,2026-07-04 16:00:00
302 - 标准大床房,17,3,0,32.1,0.164,1.103,2026-07-04 17:00:00
302 - 标准大床房,18,3,0,29.6,0.22,0.59,2026-07-04 18:00:00
302 - 标准大床房,19,3,0,26.8,0.68,0.679,2026-07-04 19:00:00
302 - 标准大床房,20,3,0,29.1,0.613,0.78,2026-07-04 20:00:00
302 - 标准大床房,21,3,0,22.9,0.786,0.483,2026-07-04 21:00:00
302 - 标准大床房,22,3,0,22.5,0.683,0.394,2026-07-04 22:00:00
302 - 标准大床房,23,3,0,24.0,0.613,0.479,2026-07-04 23:00:00
302 - 标准大床房,0,4,0,23.0,0.738,0.484,2026-07-05 00:00:00
302 - 标准大床房,1,4,0,21.7,0.667,0.375,2026-07-05 01:00:00
302 - 标准大床房,2,4,0,24.1,0.72,0.603,2026-07-05 02:00:00
302 - 标准大床房,3,4,0,19.7,0.733,0.347,2026-07-05 03:00:00
302 - 标准大床房,4,4,0,20.4,0.794,0.431,2026-07-05 04:00:00
302 - 标准大床房,5,4,0,22.9,0.715,0.474,2026-07-05 05:00:00
302 - 标准大床房,6,4,0,25.1,0.729,0.7,2026-07-05 06:00:00
302 - 标准大床房,7,4,0,25.8,0.792,0.601,2026-07-05 07:00:00
302 - 标准大床房,8,4,0,32.0,0.665,1.047,2026-07-05 08:00:00
302 - 标准大床房,9,4,0,28.3,0.216,0.679,2026-07-05 09:00:00
302 - 标准大床房,10,4,0,32.3,0.292,1.005,2026-07-05 10:00:00
302 - 标准大床房,11,4,0,31.1,0.279,0.803,2026-07-05 11:00:00
302 - 标准大床房,12,4,0,33.8,0.216,1.178,2026-07-05 12:00:00
302 - 标准大床房,13,4,0,32.9,0.337,1.09,2026-07-05 13:00:00
302 - 标准大床房,14,4,0,33.2,0.346,1.083,2026-07-05 14:00:00
302 - 标准大床房,15,4,0,37.0,0.349,1.43,2026-07-05 15:00:00
302 - 标准大床房,16,4,0,32.5,0.289,1.027,2026-07-05 16:00:00
302 - 标准大床房,17,4,0,35.7,0.316,1.29,2026-07-05 17:00:00
302 - 标准大床房,18,4,0,29.5,0.33,0.806,2026-07-05 18:00:00
302 - 标准大床房,19,4,0,28.6,0.72,0.89,2026-07-05 19:00:00
302 - 标准大床房,20,4,0,30.2,0.781,0.956,2026-07-05 20:00:00
302 - 标准大床房,21,4,0,21.5,0.71,0.335,2026-07-05 21:00:00
302 - 标准大床房,22,4,0,21.7,0.665,0.512,2026-07-05 22:00:00
302 - 标准大床房,23,4,0,23.8,0.704,0.487,2026-07-05 23:00:00
302 - 标准大床房,0,5,1,23.8,0.832,0.676,2026-07-06 00:00:00
302 - 标准大床房,1,5,1,23.4,0.994,0.619,2026-07-06 01:00:00
302 - 标准大床房,2,5,1,21.3,0.832,0.316,2026-07-06 02:00:00
302 - 标准大床房,3,5,1,19.3,0.867,0.512,2026-07-06 03:00:00
302 - 标准大床房,4,5,1,24.5,0.825,0.557,2026-07-06 04:00:00
302 - 标准大床房,5,5,1,24.7,0.966,0.54,2026-07-06 05:00:00
302 - 标准大床房,6,5,1,22.7,0.949,0.557,2026-07-06 06:00:00
302 - 标准大床房,7,5,1,26.6,0.969,0.749,2026-07-06 07:00:00
302 - 标准大床房,8,5,1,31.6,0.985,1.211,2026-07-06 08:00:00
302 - 标准大床房,9,5,1,29.8,0.507,0.95,2026-07-06 09:00:00
302 - 标准大床房,10,5,1,28.6,0.47,0.816,2026-07-06 10:00:00
302 - 标准大床房,11,5,1,31.4,0.489,1.006,2026-07-06 11:00:00
302 - 标准大床房,12,5,1,32.4,0.52,1.112,2026-07-06 12:00:00
302 - 标准大床房,13,5,1,34.5,0.382,1.236,2026-07-06 13:00:00
302 - 标准大床房,14,5,1,35.8,0.396,1.316,2026-07-06 14:00:00
302 - 标准大床房,15,5,1,31.9,0.466,0.975,2026-07-06 15:00:00
302 - 标准大床房,16,5,1,31.9,0.445,0.998,2026-07-06 16:00:00
302 - 标准大床房,17,5,1,34.3,0.537,1.284,2026-07-06 17:00:00
302 - 标准大床房,18,5,1,32.5,0.416,1.018,2026-07-06 18:00:00
302 - 标准大床房,19,5,1,32.3,0.814,1.194,2026-07-06 19:00:00
302 - 标准大床房,20,5,1,25.0,0.857,0.659,2026-07-06 20:00:00
302 - 标准大床房,21,5,1,24.5,0.836,0.556,2026-07-06 21:00:00
302 - 标准大床房,22,5,1,27.0,0.885,0.876,2026-07-06 22:00:00
302 - 标准大床房,23,5,1,21.8,0.821,0.552,2026-07-06 23:00:00
302 - 标准大床房,0,6,1,23.5,0.924,0.596,2026-07-07 00:00:00
302 - 标准大床房,1,6,1,22.1,0.878,0.44,2026-07-07 01:00:00
302 - 标准大床房,2,6,1,20.5,0.846,0.363,2026-07-07 02:00:00
302 - 标准大床房,3,6,1,25.2,0.977,0.561,2026-07-07 03:00:00
302 - 标准大床房,4,6,1,22.8,0.998,0.648,2026-07-07 04:00:00
302 - 标准大床房,5,6,1,22.7,0.937,0.562,2026-07-07 05:00:00
302 - 标准大床房,6,6,1,24.7,0.821,0.582,2026-07-07 06:00:00
302 - 标准大床房,7,6,1,26.9,0.905,0.721,2026-07-07 07:00:00
302 - 标准大床房,8,6,1,24.8,0.94,0.663,2026-07-07 08:00:00
302 - 标准大床房,9,6,1,27.8,0.444,0.749,2026-07-07 09:00:00
302 - 标准大床房,10,6,1,28.4,0.384,0.733,2026-07-07 10:00:00
302 - 标准大床房,11,6,1,28.0,0.419,0.63,2026-07-07 11:00:00
302 - 标准大床房,12,6,1,35.2,0.529,1.534,2026-07-07 12:00:00
302 - 标准大床房,13,6,1,36.7,0.358,1.453,2026-07-07 13:00:00
302 - 标准大床房,14,6,1,36.4,0.36,1.316,2026-07-07 14:00:00
302 - 标准大床房,15,6,1,30.2,0.49,0.924,2026-07-07 15:00:00
302 - 标准大床房,16,6,1,34.0,0.516,1.263,2026-07-07 16:00:00
302 - 标准大床房,17,6,1,33.6,0.473,1.232,2026-07-07 17:00:00
302 - 标准大床房,18,6,1,29.8,0.53,0.911,2026-07-07 18:00:00
302 - 标准大床房,19,6,1,31.2,0.903,1.075,2026-07-07 19:00:00
302 - 标准大床房,20,6,1,25.7,0.93,0.758,2026-07-07 20:00:00
302 - 标准大床房,21,6,1,24.3,0.886,0.569,2026-07-07 21:00:00
302 - 标准大床房,22,6,1,23.3,0.958,0.598,2026-07-07 22:00:00
302 - 标准大床房,23,6,1,22.3,0.807,0.475,2026-07-07 23:00:00
302 - 标准大床房,0,0,0,20.7,0.678,0.458,2026-07-08 00:00:00
302 - 标准大床房,1,0,0,24.1,0.672,0.541,2026-07-08 01:00:00
302 - 标准大床房,2,0,0,19.8,0.622,0.374,2026-07-08 02:00:00
302 - 标准大床房,3,0,0,21.3,0.696,0.586,2026-07-08 03:00:00
302 - 标准大床房,4,0,0,21.5,0.749,0.425,2026-07-08 04:00:00
302 - 标准大床房,5,0,0,28.2,0.63,0.778,2026-07-08 05:00:00
302 - 标准大床房,6,0,0,23.2,0.799,0.548,2026-07-08 06:00:00
302 - 标准大床房,7,0,0,27.4,0.64,0.772,2026-07-08 07:00:00
302 - 标准大床房,8,0,0,31.7,0.78,1.205,2026-07-08 08:00:00
302 - 标准大床房,9,0,0,27.1,0.154,0.439,2026-07-08 09:00:00
302 - 标准大床房,10,0,0,29.3,0.252,0.702,2026-07-08 10:00:00
302 - 标准大床房,11,0,0,31.6,0.162,0.955,2026-07-08 11:00:00
302 - 标准大床房,12,0,0,30.5,0.209,0.833,2026-07-08 12:00:00
302 - 标准大床房,13,0,0,36.3,0.311,1.381,2026-07-08 13:00:00
302 - 标准大床房,14,0,0,33.0,0.272,0.969,2026-07-08 14:00:00
302 - 标准大床房,15,0,0,35.9,0.328,1.249,2026-07-08 15:00:00
302 - 标准大床房,16,0,0,34.3,0.248,1.105,2026-07-08 16:00:00
302 - 标准大床房,17,0,0,32.3,0.172,0.965,2026-07-08 17:00:00
302 - 标准大床房,18,0,0,32.9,0.165,1.053,2026-07-08 18:00:00
302 - 标准大床房,19,0,0,28.9,0.706,0.942,2026-07-08 19:00:00
302 - 标准大床房,20,0,0,30.1,0.784,0.898,2026-07-08 20:00:00
302 - 标准大床房,21,0,0,23.8,0.797,0.551,2026-07-08 21:00:00
302 - 标准大床房,22,0,0,23.5,0.75,0.523,2026-07-08 22:00:00
302 - 标准大床房,23,0,0,26.2,0.614,0.616,2026-07-08 23:00:00
302 - 标准大床房,0,1,0,18.6,0.635,0.375,2026-07-09 00:00:00
302 - 标准大床房,1,1,0,23.2,0.727,0.424,2026-07-09 01:00:00
302 - 标准大床房,2,1,0,21.2,0.718,0.41,2026-07-09 02:00:00
302 - 标准大床房,3,1,0,21.1,0.782,0.312,2026-07-09 03:00:00
302 - 标准大床房,4,1,0,21.4,0.696,0.502,2026-07-09 04:00:00
302 - 标准大床房,5,1,0,26.3,0.655,0.681,2026-07-09 05:00:00
302 - 标准大床房,6,1,0,21.9,0.624,0.485,2026-07-09 06:00:00
302 - 标准大床房,7,1,0,28.1,0.75,0.79,2026-07-09 07:00:00
302 - 标准大床房,8,1,0,29.0,0.781,0.812,2026-07-09 08:00:00
302 - 标准大床房,9,1,0,28.7,0.296,0.814,2026-07-09 09:00:00
302 - 标准大床房,10,1,0,30.8,0.182,0.697,2026-07-09 10:00:00
302 - 标准大床房,11,1,0,33.7,0.273,1.035,2026-07-09 11:00:00
302 - 标准大床房,12,1,0,32.0,0.33,1.036,2026-07-09 12:00:00
302 - 标准大床房,13,1,0,30.8,0.246,0.938,2026-07-09 13:00:00
302 - 标准大床房,14,1,0,34.6,0.158,1.103,2026-07-09 14:00:00
302 - 标准大床房,15,1,0,32.1,0.204,0.935,2026-07-09 15:00:00
302 - 标准大床房,16,1,0,32.4,0.282,0.986,2026-07-09 16:00:00
302 - 标准大床房,17,1,0,32.3,0.175,0.991,2026-07-09 17:00:00
302 - 标准大床房,18,1,0,32.5,0.22,0.932,2026-07-09 18:00:00
302 - 标准大床房,19,1,0,33.2,0.796,1.316,2026-07-09 19:00:00
302 - 标准大床房,20,1,0,28.7,0.626,0.89,2026-07-09 20:00:00
302 - 标准大床房,21,1,0,26.7,0.687,0.7,2026-07-09 21:00:00
302 - 标准大床房,22,1,0,26.6,0.73,0.727,2026-07-09 22:00:00
302 - 标准大床房,23,1,0,24.3,0.642,0.668,2026-07-09 23:00:00
302 - 标准大床房,0,2,0,19.4,0.762,0.469,2026-07-10 00:00:00
302 - 标准大床房,1,2,0,21.0,0.634,0.374,2026-07-10 01:00:00
302 - 标准大床房,2,2,0,19.5,0.72,0.5,2026-07-10 02:00:00
302 - 标准大床房,3,2,0,23.6,0.608,0.542,2026-07-10 03:00:00
302 - 标准大床房,4,2,0,25.4,0.8,0.615,2026-07-10 04:00:00
302 - 标准大床房,5,2,0,24.5,0.705,0.502,2026-07-10 05:00:00
302 - 标准大床房,6,2,0,22.9,0.648,0.536,2026-07-10 06:00:00
302 - 标准大床房,7,2,0,28.0,0.627,0.862,2026-07-10 07:00:00
302 - 标准大床房,8,2,0,26.1,0.608,0.713,2026-07-10 08:00:00
302 - 标准大床房,9,2,0,30.1,0.203,0.88,2026-07-10 09:00:00
302 - 标准大床房,10,2,0,28.6,0.318,0.637,2026-07-10 10:00:00
302 - 标准大床房,11,2,0,29.5,0.2,0.629,2026-07-10 11:00:00
302 - 标准大床房,12,2,0,30.4,0.338,0.921,2026-07-10 12:00:00
302 - 标准大床房,13,2,0,33.8,0.348,1.217,2026-07-10 13:00:00
302 - 标准大床房,14,2,0,32.7,0.265,1.035,2026-07-10 14:00:00
302 - 标准大床房,15,2,0,34.7,0.173,1.209,2026-07-10 15:00:00
302 - 标准大床房,16,2,0,30.6,0.218,0.783,2026-07-10 16:00:00
302 - 标准大床房,17,2,0,33.2,0.291,1.021,2026-07-10 17:00:00
302 - 标准大床房,18,2,0,29.8,0.225,0.757,2026-07-10 18:00:00
302 - 标准大床房,19,2,0,32.1,0.73,1.183,2026-07-10 19:00:00
302 - 标准大床房,20,2,0,30.0,0.738,1.029,2026-07-10 20:00:00
302 - 标准大床房,21,2,0,26.0,0.634,0.633,2026-07-10 21:00:00
302 - 标准大床房,22,2,0,25.2,0.659,0.631,2026-07-10 22:00:00
302 - 标准大床房,23,2,0,24.2,0.731,0.633,2026-07-10 23:00:00
302 - 标准大床房,0,3,0,23.7,0.702,0.545,2026-07-11 00:00:00
302 - 标准大床房,1,3,0,21.7,0.701,0.398,2026-07-11 01:00:00
302 - 标准大床房,2,3,0,24.2,0.624,0.615,2026-07-11 02:00:00
302 - 标准大床房,3,3,0,21.2,0.781,0.389,2026-07-11 03:00:00
302 - 标准大床房,4,3,0,19.0,0.606,0.402,2026-07-11 04:00:00
302 - 标准大床房,5,3,0,24.3,0.75,0.683,2026-07-11 05:00:00
302 - 标准大床房,6,3,0,24.8,0.658,0.714,2026-07-11 06:00:00
302 - 标准大床房,7,3,0,28.1,0.754,0.942,2026-07-11 07:00:00
302 - 标准大床房,8,3,0,29.2,0.663,0.867,2026-07-11 08:00:00
302 - 标准大床房,9,3,0,29.8,0.311,0.695,2026-07-11 09:00:00
302 - 标准大床房,10,3,0,31.2,0.274,0.875,2026-07-11 10:00:00
302 - 标准大床房,11,3,0,32.5,0.343,1.038,2026-07-11 11:00:00
302 - 标准大床房,12,3,0,31.9,0.293,0.976,2026-07-11 12:00:00
302 - 标准大床房,13,3,0,31.4,0.329,0.878,2026-07-11 13:00:00
302 - 标准大床房,14,3,0,32.4,0.22,0.949,2026-07-11 14:00:00
302 - 标准大床房,15,3,0,33.6,0.29,1.132,2026-07-11 15:00:00
302 - 标准大床房,16,3,0,28.7,0.287,0.706,2026-07-11 16:00:00
302 - 标准大床房,17,3,0,31.4,0.191,0.964,2026-07-11 17:00:00
302 - 标准大床房,18,3,0,29.0,0.303,0.773,2026-07-11 18:00:00
302 - 标准大床房,19,3,0,29.4,0.709,0.964,2026-07-11 19:00:00
302 - 标准大床房,20,3,0,26.4,0.783,0.695,2026-07-11 20:00:00
302 - 标准大床房,21,3,0,26.6,0.702,0.714,2026-07-11 21:00:00
302 - 标准大床房,22,3,0,24.5,0.774,0.48,2026-07-11 22:00:00
302 - 标准大床房,23,3,0,26.3,0.662,0.652,2026-07-11 23:00:00
302 - 标准大床房,0,4,0,22.1,0.67,0.325,2026-07-12 00:00:00
302 - 标准大床房,1,4,0,21.7,0.711,0.443,2026-07-12 01:00:00
302 - 标准大床房,2,4,0,22.1,0.614,0.43,2026-07-12 02:00:00
302 - 标准大床房,3,4,0,18.6,0.687,0.432,2026-07-12 03:00:00
302 - 标准大床房,4,4,0,20.7,0.778,0.553,2026-07-12 04:00:00
302 - 标准大床房,5,4,0,26.6,0.732,0.685,2026-07-12 05:00:00
302 - 标准大床房,6,4,0,26.0,0.787,0.699,2026-07-12 06:00:00
302 - 标准大床房,7,4,0,26.6,0.784,0.712,2026-07-12 07:00:00
302 - 标准大床房,8,4,0,30.2,0.621,0.938,2026-07-12 08:00:00
302 - 标准大床房,9,4,0,29.2,0.201,0.79,2026-07-12 09:00:00
302 - 标准大床房,10,4,0,30.5,0.298,0.772,2026-07-12 10:00:00
302 - 标准大床房,11,4,0,31.6,0.239,1.027,2026-07-12 11:00:00
302 - 标准大床房,12,4,0,29.6,0.308,0.872,2026-07-12 12:00:00
302 - 标准大床房,13,4,0,35.7,0.246,1.322,2026-07-12 13:00:00
302 - 标准大床房,14,4,0,33.6,0.189,1.058,2026-07-12 14:00:00
302 - 标准大床房,15,4,0,33.6,0.207,1.1,2026-07-12 15:00:00
302 - 标准大床房,16,4,0,32.5,0.262,0.989,2026-07-12 16:00:00
302 - 标准大床房,17,4,0,31.0,0.328,0.996,2026-07-12 17:00:00
302 - 标准大床房,18,4,0,26.5,0.154,0.416,2026-07-12 18:00:00
302 - 标准大床房,19,4,0,29.9,0.702,0.906,2026-07-12 19:00:00
302 - 标准大床房,20,4,0,32.4,0.712,1.181,2026-07-12 20:00:00
302 - 标准大床房,21,4,0,28.4,0.783,0.731,2026-07-12 21:00:00
302 - 标准大床房,22,4,0,24.4,0.611,0.613,2026-07-12 22:00:00
302 - 标准大床房,23,4,0,21.9,0.68,0.403,2026-07-12 23:00:00
302 - 标准大床房,0,5,1,22.9,0.942,0.61,2026-07-13 00:00:00
302 - 标准大床房,1,5,1,22.9,0.841,0.539,2026-07-13 01:00:00
302 - 标准大床房,2,5,1,21.8,0.933,0.417,2026-07-13 02:00:00
302 - 标准大床房,3,5,1,23.9,0.851,0.589,2026-07-13 03:00:00
302 - 标准大床房,4,5,1,20.9,0.906,0.538,2026-07-13 04:00:00
302 - 标准大床房,5,5,1,25.9,0.91,0.672,2026-07-13 05:00:00
302 - 标准大床房,6,5,1,25.3,0.821,0.607,2026-07-13 06:00:00
302 - 标准大床房,7,5,1,25.3,0.909,0.642,2026-07-13 07:00:00
302 - 标准大床房,8,5,1,27.4,0.899,0.899,2026-07-13 08:00:00
302 - 标准大床房,9,5,1,30.2,0.393,0.797,2026-07-13 09:00:00
302 - 标准大床房,10,5,1,32.5,0.353,0.994,2026-07-13 10:00:00
302 - 标准大床房,11,5,1,32.4,0.507,1.094,2026-07-13 11:00:00
302 - 标准大床房,12,5,1,34.4,0.441,1.253,2026-07-13 12:00:00
302 - 标准大床房,13,5,1,38.6,0.449,1.603,2026-07-13 13:00:00
302 - 标准大床房,14,5,1,30.7,0.424,1.019,2026-07-13 14:00:00
302 - 标准大床房,15,5,1,29.8,0.423,0.944,2026-07-13 15:00:00
302 - 标准大床房,16,5,1,33.4,0.464,1.091,2026-07-13 16:00:00
302 - 标准大床房,17,5,1,30.3,0.461,1.013,2026-07-13 17:00:00
302 - 标准大床房,18,5,1,31.2,0.421,0.993,2026-07-13 18:00:00
302 - 标准大床房,19,5,1,26.3,0.916,0.817,2026-07-13 19:00:00
302 - 标准大床房,20,5,1,28.3,0.872,0.952,2026-07-13 20:00:00
302 - 标准大床房,21,5,1,29.1,0.888,0.892,2026-07-13 21:00:00
302 - 标准大床房,22,5,1,27.2,0.872,0.748,2026-07-13 22:00:00
302 - 标准大床房,23,5,1,21.6,0.805,0.5,2026-07-13 23:00:00
302 - 标准大床房,0,6,1,22.2,0.813,0.437,2026-07-14 00:00:00
302 - 标准大床房,1,6,1,24.0,0.982,0.811,2026-07-14 01:00:00
302 - 标准大床房,2,6,1,25.6,0.895,0.693,2026-07-14 02:00:00
302 - 标准大床房,3,6,1,20.3,0.828,0.537,2026-07-14 03:00:00
302 - 标准大床房,4,6,1,21.1,0.927,0.461,2026-07-14 04:00:00
302 - 标准大床房,5,6,1,26.0,0.968,0.904,2026-07-14 05:00:00
302 - 标准大床房,6,6,1,24.3,0.871,0.732,2026-07-14 06:00:00
302 - 标准大床房,7,6,1,24.4,0.884,0.541,2026-07-14 07:00:00
302 - 标准大床房,8,6,1,30.1,0.983,1.118,2026-07-14 08:00:00
302 - 标准大床房,9,6,1,26.2,0.535,0.621,2026-07-14 09:00:00
302 - 标准大床房,10,6,1,29.6,0.515,0.965,2026-07-14 10:00:00
302 - 标准大床房,11,6,1,34.2,0.442,1.084,2026-07-14 11:00:00
302 - 标准大床房,12,6,1,31.9,0.42,1.006,2026-07-14 12:00:00
302 - 标准大床房,13,6,1,35.3,0.362,1.353,2026-07-14 13:00:00
302 - 标准大床房,14,6,1,31.5,0.493,0.998,2026-07-14 14:00:00
302 - 标准大床房,15,6,1,35.3,0.39,1.272,2026-07-14 15:00:00
302 - 标准大床房,16,6,1,34.1,0.502,1.158,2026-07-14 16:00:00
302 - 标准大床房,17,6,1,35.5,0.522,1.397,2026-07-14 17:00:00
302 - 标准大床房,18,6,1,30.5,0.449,0.899,2026-07-14 18:00:00
302 - 标准大床房,19,6,1,28.8,0.921,0.877,2026-07-14 19:00:00
302 - 标准大床房,20,6,1,27.8,0.926,0.895,2026-07-14 20:00:00
302 - 标准大床房,21,6,1,28.5,0.853,0.87,2026-07-14 21:00:00
302 - 标准大床房,22,6,1,23.5,0.861,0.579,2026-07-14 22:00:00
302 - 标准大床房,23,6,1,23.5,0.862,0.605,2026-07-14 23:00:00
303 - 标准双床房,0,0,0,24.1,0.638,0.468,2026-07-01 00:00:00
303 - 标准双床房,1,0,0,26.5,0.672,0.688,2026-07-01 01:00:00
303 - 标准双床房,2,0,0,23.9,0.685,0.506,2026-07-01 02:00:00
303 - 标准双床房,3,0,0,20.0,0.77,0.423,2026-07-01 03:00:00
303 - 标准双床房,4,0,0,21.6,0.65,0.429,2026-07-01 04:00:00
303 - 标准双床房,5,0,0,25.5,0.749,0.541,2026-07-01 05:00:00
303 - 标准双床房,6,0,0,24.9,0.687,0.489,2026-07-01 06:00:00
303 - 标准双床房,7,0,0,28.8,0.743,0.742,2026-07-01 07:00:00
303 - 标准双床房,8,0,0,24.1,0.734,0.549,2026-07-01 08:00:00
303 - 标准双床房,9,0,0,33.8,0.329,1.189,2026-07-01 09:00:00
303 - 标准双床房,10,0,0,34.8,0.285,1.238,2026-07-01 10:00:00
303 - 标准双床房,11,0,0,29.3,0.2,0.81,2026-07-01 11:00:00
303 - 标准双床房,12,0,0,32.6,0.236,1.01,2026-07-01 12:00:00
303 - 标准双床房,13,0,0,32.6,0.233,0.947,2026-07-01 13:00:00
303 - 标准双床房,14,0,0,33.3,0.185,1.061,2026-07-01 14:00:00
303 - 标准双床房,15,0,0,35.8,0.331,1.336,2026-07-01 15:00:00
303 - 标准双床房,16,0,0,32.2,0.19,0.964,2026-07-01 16:00:00
303 - 标准双床房,17,0,0,30.5,0.211,0.878,2026-07-01 17:00:00
303 - 标准双床房,18,0,0,32.5,0.345,0.99,2026-07-01 18:00:00
303 - 标准双床房,19,0,0,32.4,0.731,1.135,2026-07-01 19:00:00
303 - 标准双床房,20,0,0,27.2,0.768,0.777,2026-07-01 20:00:00
303 - 标准双床房,21,0,0,27.2,0.602,0.781,2026-07-01 21:00:00
303 - 标准双床房,22,0,0,22.2,0.731,0.4,2026-07-01 22:00:00
303 - 标准双床房,23,0,0,25.9,0.68,0.729,2026-07-01 23:00:00
303 - 标准双床房,0,1,0,27.6,0.792,0.899,2026-07-02 00:00:00
303 - 标准双床房,1,1,0,23.6,0.775,0.512,2026-07-02 01:00:00
303 - 标准双床房,2,1,0,22.0,0.725,0.401,2026-07-02 02:00:00
303 - 标准双床房,3,1,0,18.2,0.788,0.457,2026-07-02 03:00:00
303 - 标准双床房,4,1,0,22.3,0.749,0.366,2026-07-02 04:00:00
303 - 标准双床房,5,1,0,19.7,0.621,0.488,2026-07-02 05:00:00
303 - 标准双床房,6,1,0,26.8,0.719,0.738,2026-07-02 06:00:00
303 - 标准双床房,7,1,0,30.3,0.79,1.097,2026-07-02 07:00:00
303 - 标准双床房,8,1,0,31.0,0.628,0.992,2026-07-02 08:00:00
303 - 标准双床房,9,1,0,30.1,0.272,0.818,2026-07-02 09:00:00
303 - 标准双床房,10,1,0,32.2,0.164,0.932,2026-07-02 10:00:00
303 - 标准双床房,11,1,0,31.0,0.235,0.968,2026-07-02 11:00:00
303 - 标准双床房,12,1,0,33.8,0.298,1.076,2026-07-02 12:00:00
303 - 标准双床房,13,1,0,34.4,0.237,1.24,2026-07-02 13:00:00
303 - 标准双床房,14,1,0,34.1,0.34,1.185,2026-07-02 14:00:00
303 - 标准双床房,15,1,0,28.4,0.215,0.652,2026-07-02 15:00:00
303 - 标准双床房,16,1,0,33.9,0.312,1.045,2026-07-02 16:00:00
303 - 标准双床房,17,1,0,33.3,0.156,1.026,2026-07-02 17:00:00
303 - 标准双床房,18,1,0,29.5,0.225,0.722,2026-07-02 18:00:00
303 - 标准双床房,19,1,0,30.5,0.778,1.082,2026-07-02 19:00:00
303 - 标准双床房,20,1,0,29.7,0.743,0.94,2026-07-02 20:00:00
303 - 标准双床房,21,1,0,22.1,0.753,0.413,2026-07-02 21:00:00
303 - 标准双床房,22,1,0,26.9,0.683,0.779,2026-07-02 22:00:00
303 - 标准双床房,23,1,0,22.7,0.719,0.479,2026-07-02 23:00:00
303 - 标准双床房,0,2,0,20.4,0.735,0.415,2026-07-03 00:00:00
303 - 标准双床房,1,2,0,22.5,0.69,0.453,2026-07-03 01:00:00
303 - 标准双床房,2,2,0,20.3,0.722,0.468,2026-07-03 02:00:00
303 - 标准双床房,3,2,0,21.1,0.71,0.421,2026-07-03 03:00:00
303 - 标准双床房,4,2,0,20.6,0.678,0.413,2026-07-03 04:00:00
303 - 标准双床房,5,2,0,22.2,0.704,0.528,2026-07-03 05:00:00
303 - 标准双床房,6,2,0,22.4,0.711,0.442,2026-07-03 06:00:00
303 - 标准双床房,7,2,0,25.1,0.722,0.482,2026-07-03 07:00:00
303 - 标准双床房,8,2,0,25.6,0.746,0.706,2026-07-03 08:00:00
303 - 标准双床房,9,2,0,26.6,0.289,0.625,2026-07-03 09:00:00
303 - 标准双床房,10,2,0,33.1,0.33,1.148,2026-07-03 10:00:00
303 - 标准双床房,11,2,0,32.2,0.343,1.071,2026-07-03 11:00:00
303 - 标准双床房,12,2,0,34.0,0.152,0.973,2026-07-03 12:00:00
303 - 标准双床房,13,2,0,37.3,0.291,1.397,2026-07-03 13:00:00
303 - 标准双床房,14,2,0,35.3,0.32,1.285,2026-07-03 14:00:00
303 - 标准双床房,15,2,0,33.8,0.264,1.127,2026-07-03 15:00:00
303 - 标准双床房,16,2,0,30.9,0.179,0.833,2026-07-03 16:00:00
303 - 标准双床房,17,2,0,33.8,0.343,1.079,2026-07-03 17:00:00
303 - 标准双床房,18,2,0,31.9,0.303,0.932,2026-07-03 18:00:00
303 - 标准双床房,19,2,0,31.6,0.662,1.07,2026-07-03 19:00:00
303 - 标准双床房,20,2,0,27.7,0.661,0.826,2026-07-03 20:00:00
303 - 标准双床房,21,2,0,25.6,0.616,0.728,2026-07-03 21:00:00
303 - 标准双床房,22,2,0,20.6,0.664,0.316,2026-07-03 22:00:00
303 - 标准双床房,23,2,0,24.8,0.692,0.583,2026-07-03 23:00:00
303 - 标准双床房,0,3,0,19.5,0.654,0.35,2026-07-04 00:00:00
303 - 标准双床房,1,3,0,21.1,0.617,0.447,2026-07-04 01:00:00
303 - 标准双床房,2,3,0,22.9,0.642,0.456,2026-07-04 02:00:00
303 - 标准双床房,3,3,0,22.2,0.61,0.423,2026-07-04 03:00:00
303 - 标准双床房,4,3,0,22.5,0.679,0.44,2026-07-04 04:00:00
303 - 标准双床房,5,3,0,24.6,0.722,0.532,2026-07-04 05:00:00
303 - 标准双床房,6,3,0,21.2,0.769,0.409,2026-07-04 06:00:00
303 - 标准双床房,7,3,0,26.4,0.769,0.702,2026-07-04 07:00:00
303 - 标准双床房,8,3,0,30.5,0.668,1.051,2026-07-04 08:00:00
303 - 标准双床房,9,3,0,31.8,0.267,1.067,2026-07-04 09:00:00
303 - 标准双床房,10,3,0,27.8,0.278,0.685,2026-07-04 10:00:00
303 - 标准双床房,11,3,0,34.1,0.18,1.097,2026-07-04 11:00:00
303 - 标准双床房,12,3,0,34.0,0.277,1.234,2026-07-04 12:00:00
303 - 标准双床房,13,3,0,31.6,0.24,0.943,2026-07-04 13:00:00
303 - 标准双床房,14,3,0,31.1,0.262,0.886,2026-07-04 14:00:00
303 - 标准双床房,15,3,0,33.4,0.328,1.111,2026-07-04 15:00:00
303 - 标准双床房,16,3,0,35.9,0.203,1.232,2026-07-04 16:00:00
303 - 标准双床房,17,3,0,33.1,0.168,0.933,2026-07-04 17:00:00
303 - 标准双床房,18,3,0,28.9,0.246,0.658,2026-07-04 18:00:00
303 - 标准双床房,19,3,0,29.6,0.612,0.892,2026-07-04 19:00:00
303 - 标准双床房,20,3,0,30.0,0.792,1.02,2026-07-04 20:00:00
303 - 标准双床房,21,3,0,26.1,0.767,0.625,2026-07-04 21:00:00
303 - 标准双床房,22,3,0,23.9,0.639,0.486,2026-07-04 22:00:00
303 - 标准双床房,23,3,0,24.6,0.693,0.456,2026-07-04 23:00:00
303 - 标准双床房,0,4,0,18.4,0.786,0.534,2026-07-05 00:00:00
303 - 标准双床房,1,4,0,23.0,0.604,0.397,2026-07-05 01:00:00
303 - 标准双床房,2,4,0,19.0,0.75,0.383,2026-07-05 02:00:00
303 - 标准双床房,3,4,0,21.9,0.683,0.458,2026-07-05 03:00:00
303 - 标准双床房,4,4,0,23.4,0.626,0.466,2026-07-05 04:00:00
303 - 标准双床房,5,4,0,23.3,0.776,0.458,2026-07-05 05:00:00
303 - 标准双床房,6,4,0,23.3,0.733,0.603,2026-07-05 06:00:00
303 - 标准双床房,7,4,0,25.5,0.681,0.572,2026-07-05 07:00:00
303 - 标准双床房,8,4,0,29.6,0.641,0.938,2026-07-05 08:00:00
303 - 标准双床房,9,4,0,26.6,0.328,0.526,2026-07-05 09:00:00
303 - 标准双床房,10,4,0,29.0,0.18,0.73,2026-07-05 10:00:00
303 - 标准双床房,11,4,0,32.8,0.274,1.081,2026-07-05 11:00:00
303 - 标准双床房,12,4,0,34.7,0.276,1.168,2026-07-05 12:00:00
303 - 标准双床房,13,4,0,33.6,0.215,1.046,2026-07-05 13:00:00
303 - 标准双床房,14,4,0,32.8,0.343,1.133,2026-07-05 14:00:00
303 - 标准双床房,15,4,0,35.1,0.344,1.288,2026-07-05 15:00:00
303 - 标准双床房,16,4,0,32.3,0.313,1.063,2026-07-05 16:00:00
303 - 标准双床房,17,4,0,36.4,0.191,1.346,2026-07-05 17:00:00
303 - 标准双床房,18,4,0,33.6,0.349,1.208,2026-07-05 18:00:00
303 - 标准双床房,19,4,0,33.3,0.782,1.327,2026-07-05 19:00:00
303 - 标准双床房,20,4,0,25.9,0.792,0.668,2026-07-05 20:00:00
303 - 标准双床房,21,4,0,25.3,0.776,0.744,2026-07-05 21:00:00
303 - 标准双床房,22,4,0,24.3,0.71,0.555,2026-07-05 22:00:00
303 - 标准双床房,23,4,0,21.1,0.621,0.405,2026-07-05 23:00:00
303 - 标准双床房,0,5,1,21.6,0.879,0.519,2026-07-06 00:00:00
303 - 标准双床房,1,5,1,24.1,0.887,0.686,2026-07-06 01:00:00
303 - 标准双床房,2,5,1,19.8,0.912,0.47,2026-07-06 02:00:00
303 - 标准双床房,3,5,1,21.5,0.954,0.536,2026-07-06 03:00:00
303 - 标准双床房,4,5,1,25.8,0.953,0.749,2026-07-06 04:00:00
303 - 标准双床房,5,5,1,24.3,0.87,0.606,2026-07-06 05:00:00
303 - 标准双床房,6,5,1,25.9,0.955,0.703,2026-07-06 06:00:00
303 - 标准双床房,7,5,1,26.4,0.84,0.59,2026-07-06 07:00:00
303 - 标准双床房,8,5,1,26.6,0.889,0.741,2026-07-06 08:00:00
303 - 标准双床房,9,5,1,28.7,0.515,0.854,2026-07-06 09:00:00
303 - 标准双床房,10,5,1,31.4,0.481,1.001,2026-07-06 10:00:00
303 - 标准双床房,11,5,1,30.9,0.357,0.889,2026-07-06 11:00:00
303 - 标准双床房,12,5,1,33.2,0.534,1.167,2026-07-06 12:00:00
303 - 标准双床房,13,5,1,32.8,0.51,1.183,2026-07-06 13:00:00
303 - 标准双床房,14,5,1,33.7,0.448,1.183,2026-07-06 14:00:00
303 - 标准双床房,15,5,1,36.9,0.438,1.46,2026-07-06 15:00:00
303 - 标准双床房,16,5,1,34.4,0.494,1.296,2026-07-06 16:00:00
303 - 标准双床房,17,5,1,29.5,0.36,0.856,2026-07-06 17:00:00
303 - 标准双床房,18,5,1,30.5,0.427,0.929,2026-07-06 18:00:00
303 - 标准双床房,19,5,1,33.3,0.877,1.334,2026-07-06 19:00:00
303 - 标准双床房,20,5,1,31.7,0.979,1.127,2026-07-06 20:00:00
303 - 标准双床房,21,5,1,23.9,0.849,0.491,2026-07-06 21:00:00
303 - 标准双床房,22,5,1,25.8,0.824,0.704,2026-07-06 22:00:00
303 - 标准双床房,23,5,1,23.7,0.916,0.565,2026-07-06 23:00:00
303 - 标准双床房,0,6,1,17.5,0.87,0.462,2026-07-07 00:00:00
303 - 标准双床房,1,6,1,22.7,0.823,0.521,2026-07-07 01:00:00
303 - 标准双床房,2,6,1,26.1,0.915,0.795,2026-07-07 02:00:00
303 - 标准双床房,3,6,1,20.6,0.905,0.674,2026-07-07 03:00:00
303 - 标准双床房,4,6,1,22.1,0.92,0.463,2026-07-07 04:00:00
303 - 标准双床房,5,6,1,25.7,0.941,0.748,2026-07-07 05:00:00
303 - 标准双床房,6,6,1,24.0,0.937,0.763,2026-07-07 06:00:00
303 - 标准双床房,7,6,1,25.4,0.97,0.688,2026-07-07 07:00:00
303 - 标准双床房,8,6,1,28.5,0.854,0.949,2026-07-07 08:00:00
303 - 标准双床房,9,6,1,26.5,0.381,0.509,2026-07-07 09:00:00
303 - 标准双床房,10,6,1,32.0,0.443,1.106,2026-07-07 10:00:00
303 - 标准双床房,11,6,1,29.4,0.393,0.762,2026-07-07 11:00:00
303 - 标准双床房,12,6,1,33.2,0.399,1.162,2026-07-07 12:00:00
303 - 标准双床房,13,6,1,35.4,0.482,1.403,2026-07-07 13:00:00
303 - 标准双床房,14,6,1,37.4,0.391,1.471,2026-07-07 14:00:00
303 - 标准双床房,15,6,1,32.1,0.522,0.995,2026-07-07 15:00:00
303 - 标准双床房,16,6,1,33.6,0.462,1.136,2026-07-07 16:00:00
303 - 标准双床房,17,6,1,32.7,0.494,1.126,2026-07-07 17:00:00
303 - 标准双床房,18,6,1,27.2,0.451,0.685,2026-07-07 18:00:00
303 - 标准双床房,19,6,1,29.3,0.994,1.078,2026-07-07 19:00:00
303 - 标准双床房,20,6,1,28.4,0.918,0.881,2026-07-07 20:00:00
303 - 标准双床房,21,6,1,27.5,0.963,0.962,2026-07-07 21:00:00
303 - 标准双床房,22,6,1,29.0,0.962,1.028,2026-07-07 22:00:00
303 - 标准双床房,23,6,1,23.9,0.867,0.593,2026-07-07 23:00:00
303 - 标准双床房,0,0,0,22.6,0.636,0.391,2026-07-08 00:00:00
303 - 标准双床房,1,0,0,22.0,0.704,0.371,2026-07-08 01:00:00
303 - 标准双床房,2,0,0,21.9,0.693,0.295,2026-07-08 02:00:00
303 - 标准双床房,3,0,0,23.1,0.757,0.469,2026-07-08 03:00:00
303 - 标准双床房,4,0,0,26.0,0.673,0.648,2026-07-08 04:00:00
303 - 标准双床房,5,0,0,21.5,0.703,0.518,2026-07-08 05:00:00
303 - 标准双床房,6,0,0,25.0,0.623,0.608,2026-07-08 06:00:00
303 - 标准双床房,7,0,0,21.5,0.672,0.347,2026-07-08 07:00:00
303 - 标准双床房,8,0,0,24.5,0.656,0.582,2026-07-08 08:00:00
303 - 标准双床房,9,0,0,29.8,0.221,0.702,2026-07-08 09:00:00
303 - 标准双床房,10,0,0,26.6,0.34,0.685,2026-07-08 10:00:00
303 - 标准双床房,11,0,0,32.8,0.313,1.214,2026-07-08 11:00:00
303 - 标准双床房,12,0,0,35.8,0.244,1.316,2026-07-08 12:00:00
303 - 标准双床房,13,0,0,31.9,0.23,0.918,2026-07-08 13:00:00
303 - 标准双床房,14,0,0,32.4,0.202,1.062,2026-07-08 14:00:00
303 - 标准双床房,15,0,0,33.7,0.234,1.133,2026-07-08 15:00:00
303 - 标准双床房,16,0,0,32.0,0.344,1.036,2026-07-08 16:00:00
303 - 标准双床房,17,0,0,32.0,0.19,0.96,2026-07-08 17:00:00
303 - 标准双床房,18,0,0,29.5,0.317,0.74,2026-07-08 18:00:00
303 - 标准双床房,19,0,0,31.2,0.721,1.127,2026-07-08 19:00:00
303 - 标准双床房,20,0,0,28.5,0.785,0.967,2026-07-08 20:00:00
303 - 标准双床房,21,0,0,26.2,0.748,0.717,2026-07-08 21:00:00
303 - 标准双床房,22,0,0,20.3,0.641,0.389,2026-07-08 22:00:00
303 - 标准双床房,23,0,0,22.2,0.792,0.454,2026-07-08 23:00:00
303 - 标准双床房,0,1,0,22.8,0.789,0.544,2026-07-09 00:00:00
303 - 标准双床房,1,1,0,23.5,0.623,0.537,2026-07-09 01:00:00
303 - 标准双床房,2,1,0,20.5,0.671,0.404,2026-07-09 02:00:00
303 - 标准双床房,3,1,0,23.3,0.62,0.391,2026-07-09 03:00:00
303 - 标准双床房,4,1,0,24.4,0.7,0.586,2026-07-09 04:00:00
303 - 标准双床房,5,1,0,22.4,0.78,0.461,2026-07-09 05:00:00
303 - 标准双床房,6,1,0,26.4,0.752,0.73,2026-07-09 06:00:00
303 - 标准双床房,7,1,0,26.0,0.733,0.795,2026-07-09 07:00:00
303 - 标准双床房,8,1,0,25.6,0.691,0.72,2026-07-09 08:00:00
303 - 标准双床房,9,1,0,29.4,0.181,0.602,2026-07-09 09:00:00
303 - 标准双床房,10,1,0,33.6,0.176,1.018,2026-07-09 10:00:00
303 - 标准双床房,11,1,0,32.9,0.256,1.051,2026-07-09 11:00:00
303 - 标准双床房,12,1,0,33.1,0.219,0.951,2026-07-09 12:00:00
303 - 标准双床房,13,1,0,35.4,0.311,1.172,2026-07-09 13:00:00
303 - 标准双床房,14,1,0,35.4,0.299,1.255,2026-07-09 14:00:00
303 - 标准双床房,15,1,0,34.1,0.298,1.137,2026-07-09 15:00:00
303 - 标准双床房,16,1,0,29.3,0.188,0.695,2026-07-09 16:00:00
303 - 标准双床房,17,1,0,27.0,0.278,0.581,2026-07-09 17:00:00
303 - 标准双床房,18,1,0,27.6,0.282,0.57,2026-07-09 18:00:00
303 - 标准双床房,19,1,0,32.8,0.734,1.207,2026-07-09 19:00:00
303 - 标准双床房,20,1,0,29.3,0.705,0.904,2026-07-09 20:00:00
303 - 标准双床房,21,1,0,23.1,0.716,0.541,2026-07-09 21:00:00
303 - 标准双床房,22,1,0,26.4,0.743,0.592,2026-07-09 22:00:00
303 - 标准双床房,23,1,0,20.7,0.795,0.487,2026-07-09 23:00:00
303 - 标准双床房,0,2,0,23.0,0.605,0.318,2026-07-10 00:00:00
303 - 标准双床房,1,2,0,23.9,0.649,0.408,2026-07-10 01:00:00
303 - 标准双床房,2,2,0,21.5,0.759,0.465,2026-07-10 02:00:00
303 - 标准双床房,3,2,0,23.6,0.716,0.529,2026-07-10 03:00:00
303 - 标准双床房,4,2,0,24.3,0.635,0.539,2026-07-10 04:00:00
303 - 标准双床房,5,2,0,20.1,0.647,0.396,2026-07-10 05:00:00
303 - 标准双床房,6,2,0,24.6,0.741,0.581,2026-07-10 06:00:00
303 - 标准双床房,7,2,0,27.1,0.683,0.691,2026-07-10 07:00:00
303 - 标准双床房,8,2,0,26.7,0.755,0.739,2026-07-10 08:00:00
303 - 标准双床房,9,2,0,26.5,0.341,0.63,2026-07-10 09:00:00
303 - 标准双床房,10,2,0,33.6,0.227,0.965,2026-07-10 10:00:00
303 - 标准双床房,11,2,0,32.4,0.316,1.002,2026-07-10 11:00:00
303 - 标准双床房,12,2,0,31.7,0.24,0.879,2026-07-10 12:00:00
303 - 标准双床房,13,2,0,31.6,0.305,0.852,2026-07-10 13:00:00
303 - 标准双床房,14,2,0,33.5,0.229,1.061,2026-07-10 14:00:00
303 - 标准双床房,15,2,0,35.8,0.176,1.256,2026-07-10 15:00:00
303 - 标准双床房,16,2,0,31.9,0.212,0.762,2026-07-10 16:00:00
303 - 标准双床房,17,2,0,32.9,0.28,0.912,2026-07-10 17:00:00
303 - 标准双床房,18,2,0,31.3,0.341,0.928,2026-07-10 18:00:00
303 - 标准双床房,19,2,0,28.8,0.665,0.843,2026-07-10 19:00:00
303 - 标准双床房,20,2,0,27.7,0.703,0.871,2026-07-10 20:00:00
303 - 标准双床房,21,2,0,26.3,0.785,0.69,2026-07-10 21:00:00
303 - 标准双床房,22,2,0,22.8,0.741,0.546,2026-07-10 22:00:00
303 - 标准双床房,23,2,0,20.6,0.654,0.381,2026-07-10 23:00:00
303 - 标准双床房,0,3,0,23.9,0.723,0.463,2026-07-11 00:00:00
303 - 标准双床房,1,3,0,24.8,0.679,0.587,2026-07-11 01:00:00
303 - 标准双床房,2,3,0,22.9,0.616,0.41,2026-07-11 02:00:00
303 - 标准双床房,3,3,0,20.2,0.689,0.415,2026-07-11 03:00:00
303 - 标准双床房,4,3,0,22.6,0.796,0.341,2026-07-11 04:00:00
303 - 标准双床房,5,3,0,22.4,0.733,0.48,2026-07-11 05:00:00
303 - 标准双床房,6,3,0,22.0,0.725,0.429,2026-07-11 06:00:00
303 - 标准双床房,7,3,0,24.2,0.719,0.562,2026-07-11 07:00:00
303 - 标准双床房,8,3,0,26.6,0.777,0.765,2026-07-11 08:00:00
303 - 标准双床房,9,3,0,30.4,0.233,0.918,2026-07-11 09:00:00
303 - 标准双床房,10,3,0,28.5,0.158,0.632,2026-07-11 10:00:00
303 - 标准双床房,11,3,0,34.3,0.226,1.144,2026-07-11 11:00:00
303 - 标准双床房,12,3,0,33.0,0.153,1.068,2026-07-11 12:00:00
303 - 标准双床房,13,3,0,36.0,0.257,1.383,2026-07-11 13:00:00
303 - 标准双床房,14,3,0,35.8,0.33,1.347,2026-07-11 14:00:00
303 - 标准双床房,15,3,0,34.0,0.223,1.106,2026-07-11 15:00:00
303 - 标准双床房,16,3,0,33.2,0.246,1.039,2026-07-11 16:00:00
303 - 标准双床房,17,3,0,32.7,0.313,1.008,2026-07-11 17:00:00
303 - 标准双床房,18,3,0,31.4,0.305,0.893,2026-07-11 18:00:00
303 - 标准双床房,19,3,0,30.8,0.651,1.072,2026-07-11 19:00:00
303 - 标准双床房,20,3,0,31.5,0.796,1.109,2026-07-11 20:00:00
303 - 标准双床房,21,3,0,27.6,0.743,0.835,2026-07-11 21:00:00
303 - 标准双床房,22,3,0,28.0,0.627,0.739,2026-07-11 22:00:00
303 - 标准双床房,23,3,0,25.5,0.633,0.663,2026-07-11 23:00:00
303 - 标准双床房,0,4,0,22.0,0.641,0.4,2026-07-12 00:00:00
303 - 标准双床房,1,4,0,23.1,0.792,0.596,2026-07-12 01:00:00
303 - 标准双床房,2,4,0,23.2,0.752,0.539,2026-07-12 02:00:00
303 - 标准双床房,3,4,0,23.8,0.794,0.582,2026-07-12 03:00:00
303 - 标准双床房,4,4,0,21.9,0.769,0.42,2026-07-12 04:00:00
303 - 标准双床房,5,4,0,25.8,0.704,0.624,2026-07-12 05:00:00
303 - 标准双床房,6,4,0,23.7,0.772,0.522,2026-07-12 06:00:00
303 - 标准双床房,7,4,0,26.0,0.656,0.635,2026-07-12 07:00:00
303 - 标准双床房,8,4,0,29.2,0.73,0.877,2026-07-12 08:00:00
303 - 标准双床房,9,4,0,29.8,0.285,0.823,2026-07-12 09:00:00
303 - 标准双床房,10,4,0,29.2,0.306,0.786,2026-07-12 10:00:00
303 - 标准双床房,11,4,0,29.6,0.321,0.772,2026-07-12 11:00:00
303 - 标准双床房,12,4,0,32.0,0.333,1.094,2026-07-12 12:00:00
303 - 标准双床房,13,4,0,32.3,0.173,0.955,2026-07-12 13:00:00
303 - 标准双床房,14,4,0,38.1,0.153,1.391,2026-07-12 14:00:00
303 - 标准双床房,15,4,0,31.6,0.237,0.907,2026-07-12 15:00:00
303 - 标准双床房,16,4,0,30.2,0.301,0.838,2026-07-12 16:00:00
303 - 标准双床房,17,4,0,36.5,0.223,1.332,2026-07-12 17:00:00
303 - 标准双床房,18,4,0,27.5,0.345,0.652,2026-07-12 18:00:00
303 - 标准双床房,19,4,0,28.2,0.792,0.815,2026-07-12 19:00:00
303 - 标准双床房,20,4,0,28.8,0.72,0.88,2026-07-12 20:00:00
303 - 标准双床房,21,4,0,26.3,0.774,0.712,2026-07-12 21:00:00
303 - 标准双床房,22,4,0,25.5,0.743,0.665,2026-07-12 22:00:00
303 - 标准双床房,23,4,0,26.7,0.661,0.67,2026-07-12 23:00:00
303 - 标准双床房,0,5,1,27.3,0.96,0.825,2026-07-13 00:00:00
303 - 标准双床房,1,5,1,22.5,0.945,0.54,2026-07-13 01:00:00
303 - 标准双床房,2,5,1,22.6,0.967,0.574,2026-07-13 02:00:00
303 - 标准双床房,3,5,1,21.4,0.817,0.456,2026-07-13 03:00:00
303 - 标准双床房,4,5,1,21.6,0.857,0.478,2026-07-13 04:00:00
303 - 标准双床房,5,5,1,22.7,0.899,0.464,2026-07-13 05:00:00
303 - 标准双床房,6,5,1,25.3,0.952,0.798,2026-07-13 06:00:00
303 - 标准双床房,7,5,1,25.3,0.991,0.668,2026-07-13 07:00:00
303 - 标准双床房,8,5,1,28.4,0.804,1.04,2026-07-13 08:00:00
303 - 标准双床房,9,5,1,28.4,0.385,0.708,2026-07-13 09:00:00
303 - 标准双床房,10,5,1,28.6,0.448,0.838,2026-07-13 10:00:00
303 - 标准双床房,11,5,1,31.3,0.423,0.944,2026-07-13 11:00:00
303 - 标准双床房,12,5,1,32.4,0.409,1.088,2026-07-13 12:00:00
303 - 标准双床房,13,5,1,32.5,0.441,1.09,2026-07-13 13:00:00
303 - 标准双床房,14,5,1,32.8,0.455,1.097,2026-07-13 14:00:00
303 - 标准双床房,15,5,1,34.6,0.511,1.217,2026-07-13 15:00:00
303 - 标准双床房,16,5,1,30.3,0.5,0.889,2026-07-13 16:00:00
303 - 标准双床房,17,5,1,33.8,0.447,1.109,2026-07-13 17:00:00
303 - 标准双床房,18,5,1,29.5,0.414,0.903,2026-07-13 18:00:00
303 - 标准双床房,19,5,1,29.0,0.897,0.912,2026-07-13 19:00:00
303 - 标准双床房,20,5,1,30.2,0.939,1.188,2026-07-13 20:00:00
303 - 标准双床房,21,5,1,28.0,0.974,0.912,2026-07-13 21:00:00
303 - 标准双床房,22,5,1,21.0,0.865,0.392,2026-07-13 22:00:00
303 - 标准双床房,23,5,1,24.1,0.851,0.715,2026-07-13 23:00:00
303 - 标准双床房,0,6,1,25.2,0.819,0.723,2026-07-14 00:00:00
303 - 标准双床房,1,6,1,20.0,0.815,0.453,2026-07-14 01:00:00
303 - 标准双床房,2,6,1,20.8,0.906,0.479,2026-07-14 02:00:00
303 - 标准双床房,3,6,1,24.6,0.842,0.59,2026-07-14 03:00:00
303 - 标准双床房,4,6,1,19.9,0.994,0.61,2026-07-14 04:00:00
303 - 标准双床房,5,6,1,27.0,0.902,0.737,2026-07-14 05:00:00
303 - 标准双床房,6,6,1,22.0,0.948,0.498,2026-07-14 06:00:00
303 - 标准双床房,7,6,1,24.7,0.968,0.745,2026-07-14 07:00:00
303 - 标准双床房,8,6,1,26.6,0.821,0.874,2026-07-14 08:00:00
303 - 标准双床房,9,6,1,28.4,0.435,0.701,2026-07-14 09:00:00
303 - 标准双床房,10,6,1,32.2,0.549,1.072,2026-07-14 10:00:00
303 - 标准双床房,11,6,1,32.8,0.387,1.038,2026-07-14 11:00:00
303 - 标准双床房,12,6,1,33.2,0.366,1.171,2026-07-14 12:00:00
303 - 标准双床房,13,6,1,33.9,0.398,1.142,2026-07-14 13:00:00
303 - 标准双床房,14,6,1,30.5,0.429,0.89,2026-07-14 14:00:00
303 - 标准双床房,15,6,1,32.2,0.533,1.121,2026-07-14 15:00:00
303 - 标准双床房,16,6,1,35.0,0.537,1.384,2026-07-14 16:00:00
303 - 标准双床房,17,6,1,29.5,0.431,0.877,2026-07-14 17:00:00
303 - 标准双床房,18,6,1,33.5,0.466,1.131,2026-07-14 18:00:00
303 - 标准双床房,19,6,1,28.9,0.879,0.964,2026-07-14 19:00:00
303 - 标准双床房,20,6,1,25.6,0.96,0.766,2026-07-14 20:00:00
303 - 标准双床房,21,6,1,27.7,0.909,0.925,2026-07-14 21:00:00
303 - 标准双床房,22,6,1,26.2,0.901,0.848,2026-07-14 22:00:00
303 - 标准双床房,23,6,1,22.1,0.96,0.593,2026-07-14 23:00:00
